{"cpu": [7.7, 6.2, 37.6, 13.3, 2.9, 33.0], "ram": [47.4, 47.3, 47.3, 47.4, 47.3, 47.4], "disk": [86.4, 86.4, 86.4, 86.4, 86.4, 86.4], "net": [[701.2273979187012, 753.5375843048096], [1269.9734926223755, 1073.8684396743774], [1382.1773881912231, 753.1277770996094], [719.6550951004028, 678.1209669113159], [842.5524435043335, 1078.3563690185547], [639.2618455886841, 678.8856620788574]], "mysql": [19, 19, 20, 20, 19, 23]}
